alias papa Emilio Enrique Bustos <emilioeb1948@gmail.com>
alias jerome.sautret Jérôme Sautret <jerome.sautret@process-one.net>
alias edaveine Elisabeth Daveine <edaveine@process-one.net>
alias mechi Mercedes Vidal <merceditas.vidal@gmail.com>
alias nicolas.verite Nicolas Vérité <nicolas.verite@process-one.net>
alias marek.foss Marek Foss <mf@marekfoss.org>
alias mickael.remond Mickaël Rémond <mickael.remond@process-one.net>
alias zbyszek Zbyszek Żółkiewski <zbyszek@process-one.net>
alias pablo.polvorin Pablo Polvorin <pablo.polvorin@process-one.net>
alias alexey Alexey Shchepin <alexey.shchepin@process-one.net>
alias mili Maria Emilia Vidal Dominguez <mariavidaldom@gmail.com>
alias rosariosarmiento65 Rosario Sarmiento <rosariosarmiento65@yahoo.com.ar>
alias boga1 Rosario Sarmiento <rosariosarmiento65@yahoo.com.ar>
alias mjtosetto María José Tosetto <mjtosetto@hotmail.com>
alias boga2 Maria José Tosetto <mjtosetto@hotmail.com>
alias christophe.romain Christophe Romain <christophe.romain@process-one.net>
alias panta Luis Pantaleone <panta@luispanta.com.ar>
alias mauricio Mauricio Poncio <pilatos@gmail.com>
alias gcastigli Graciela Castiglione <gcastigli@hrsantamarina.org.ar>
alias rcz rcz <rcz@hrsantamarina.org.ar>
alias kaminker Diego Kaminker <kaminker.diego@gmail.com>
alias smartinez Santiago Martínez <smartinez@synergian.com.ar>
alias mschonaker Martín Schonaker <mschonaker@synergian.com.ar>
alias synergian Emilio Bustos <ebustos@synergian.com.ar>
alias martina Martina Freers <martina@inakanetworks.com>
alias chad Chad DePue <chad@inakanetworks.com>
alias vidalsantiagomartinez Santiago Martinez <vidalsantiagomartinez@yahoo.com>
alias fobarrio Francisco Obarrio <fobarrio@gmail.com>
alias agcacorp Agcacorp India <agcacorp@gmail.com>
alias mcastro Marcela Castro <mcastro@exa.unicen.edu.ar>
alias fedeamen Federico Améndola <fedeamen@gmail.com>
alias fleko Ezequiel Aranda <earanda@gmail.com>
alias antonela Antonela Tommasel <tommantonela@gmail.com>
alias enzo Enzo Ferrante <enzo.02@gmail.com>
alias sergio Sergio Shevtsov <sergioshev@gmail.com>
alias lerial Alfonso Luque <lerial@gmail.com>
alias portugues Mauriceia Rocha <mfs_rocha@yahoo.com.br>
alias alfonso Alfonso Luque <lerial@gmail.com>
alias daniela Daniela García Errobidart <dgarciaerrobidart@alumnos.exa.unicen.edu.ar>
alias lluis.carreras Lluis Carreras <lluis.carreras@mobifriends.com>
alias dean Dean Elwood <dean.elwood@voxygen.co.uk>
alias henry Henry <henry@sunsetrainbow.com>
alias abie Abie Axen <abieaxen@gmail.com>
alias danil Rubber Cthulhu <rubber.cthulhu@gmail.com>
alias alexander Alexander Solovets <asolovets@gmail.com>
alias john.parr John Parr <john.parr@crocodile-rcs.com>
alias peter.dunkley Peter Dunkley <peter.dunkley@crocodile-rcs.com>
alias warren.leow \"Leow, Warren\" <jeleow@yahoo.com>
alias justin Justin Jacobson <deejayjustin@gmail.com>
alias gavin.llewellyn Gavin Llewellyn <gavin.llewellyn@crocodile-rcs.com>
alias caceres.matias Matias Caceres <dg.matias@gmail.com>
alias matias.moran Matías Morán <moran.mathias@gmail.com>
alias lisa \"Lisa E. Scott\" <lisalou2@gmail.com>
alias oriol.saludes Oriol <oriol.saludes@mobifriends.com>
alias jen.redmon Jen Redmon <jen.redmon@voxygen.co.uk>
alias hugegreenbug Hugh Greenberg <hugegreenbug@gmail.com>
alias dorin Dorin <daredariuz@yahoo.com>
alias dimitriy Dimitriy <dmitriy@shabaev.com>
alias kenting Kenneth Ting <kenting@baycall.com>
alias dorin Dorin <daredariuz@yahoo.com>
alias daredariuz Dorin Heraclid <daredariuz@yahoo.com>
alias donmilla Michael Amankwa <donmilla@gmail.com>
alias pedro Pedro Solá <pedro@teambox.com>
alias Wang Wang <workkwang@gmail.com>
alias kwang LaoHu Chang <workkwang@gmail.com>
alias drewkang Andrew Kang <drewkang@elance-odesk.com>
alias agrapa Arie Grapa <agrapa@elance-odesk.com>
alias hzheng Henry Zheng <hzheng@elance-odesk.com>
alias michael Michael Knight <michael@walkingthumbs.com>
alias jeff Jeff Herald <jeff@walkingthumbs.com>
alias richard Richard Merrigan <rmerrigan@raretec.co>
alias john John Feghali <john@walkingthumbs.com>
alias joe.shapiro Joe S Shapiro <joe@oncam.com>
